dataset,type,season,trend,sen_slope,p_value,significant,n,lag1_acf,durbin_watson,method
Precip CR2 monthly,seasonal,DJF,no trend,-0.3387452677516668,0.22482884061570196,False,42,0.07928834907470936,0.5601651409337718,Original
Precip CR2 monthly,seasonal,MAM,no trend,-0.46666510480339635,0.648877888058871,False,42,0.32962723058658894,0.3010364345740972,Hamed-Rao (pre-whitened)
Precip CR2 monthly,seasonal,JJA,no trend,-1.8984688543086263,0.27593433728642713,False,41,-0.04919069137801954,0.1559329991311685,Original
Precip CR2 monthly,seasonal,SON,no trend,-0.44644504038680494,0.6942324524938992,False,41,-0.23603557838863226,0.4602034830769007,Original
Precip CR2 monthly,annual,Annual,decreasing,-1.8234489024646479,0.00719519157275994,True,42,0.07275431051436808,0.10902538701679286,Original
Precip CR2 daily,seasonal,DJF,no trend,-0.01094537520442073,0.233217008256964,False,42,0.08209200709350406,0.55356283305001,Original
Precip CR2 daily,seasonal,MAM,no trend,-0.015217867404105419,0.648877888058871,False,42,0.3296504471520927,0.3010073555408282,Hamed-Rao (pre-whitened)
Precip CR2 daily,seasonal,JJA,no trend,-0.06190659307528121,0.27593433728642713,False,41,-0.0491906913780194,0.15593299913116848,Original
Precip CR2 daily,seasonal,SON,no trend,-0.014717968364400157,0.6942324524938992,False,41,-0.23603557838863212,0.46020348307690073,Original
Precip CR2 daily,annual,Annual,decreasing,-0.05964378110448026,0.00719519157275994,True,42,0.07258232849415282,0.10901370143012964,Original
Precip CHIRPS monthly,seasonal,DJF,no trend,-0.1028888888888891,0.5136072924876847,False,39,-0.04491201190549946,0.24620383322997355,Original
Precip CHIRPS monthly,seasonal,MAM,no trend,0.3849002804214308,0.8276288084144703,False,39,0.1816062080934196,0.2543281441489993,Hamed-Rao (pre-whitened)
Precip CHIRPS monthly,seasonal,JJA,no trend,-0.9485243186779747,,False,39,0.22356891266382586,0.13326486217207162,Hamed-Rao (pre-whitened)
Precip CHIRPS monthly,seasonal,SON,no trend,-0.5261228070175442,0.4981364283916774,False,39,-0.16468057896754634,0.20480101724701114,Original
Precip CHIRPS monthly,annual,Annual,no trend,-0.43872665082608464,0.7347400838806957,False,39,0.26253028294860087,0.07343725762809833,Hamed-Rao (pre-whitened)
Precip CHIRPS daily,seasonal,DJF,no trend,-0.0035138888888888906,0.4981364283916774,False,39,-0.04267766626482823,0.24457420662149684,Original
Precip CHIRPS daily,seasonal,MAM,no trend,0.012551096100698777,0.8276288084144703,False,39,0.18160620809341982,0.25432814414899924,Hamed-Rao (pre-whitened)
Precip CHIRPS daily,seasonal,JJA,no trend,-0.03093014082645567,,False,39,0.22356891266382597,0.13326486217207167,Hamed-Rao (pre-whitened)
Precip CHIRPS daily,seasonal,SON,no trend,-0.017344707923655278,0.4981364283916774,False,39,-0.16468057896754631,0.2048010172470111,Original
Precip CHIRPS daily,annual,Annual,no trend,-0.011974586818803786,0.734373855887827,False,39,0.26285691866161665,0.07335886927084193,Hamed-Rao (pre-whitened)
Tmax monthly,seasonal,DJF,increasing,0.02509201744641934,0.030198435580170102,True,42,-0.03299337050811265,0.0030265961174081434,Original
Tmax monthly,seasonal,MAM,increasing,0.029488841374806767,0.030198435580170102,True,42,0.0994922363773083,0.00798183655088244,Original
Tmax monthly,seasonal,JJA,no trend,-0.011925414743613949,0.36293485816471427,False,41,0.06206165577164557,0.025182145163505913,Original
Tmax monthly,seasonal,SON,no trend,-0.0007511147544804863,0.9731197167307599,False,41,-0.4139925644885329,0.013783965054263481,Original
Tmax monthly,annual,Annual,increasing,0.011611538368017685,0.043825662339098015,True,42,0.054442386505366536,0.007148231154653789,Original
Tmax daily,seasonal,DJF,increasing,0.023970755861111127,0.028585747200921663,True,42,-0.03549878575836001,0.003049502121438079,Original
Tmax daily,seasonal,MAM,no trend,0.01725430869267583,0.5786527785391185,False,42,0.10077453932126704,0.007983651224076047,Hamed-Rao (pre-whitened)
Tmax daily,seasonal,JJA,no trend,-0.011403234535102573,0.3512068945263751,False,41,0.06427396612305973,0.025195078536692145,Original
Tmax daily,seasonal,SON,no trend,-0.0009944254731377106,0.9731197167307599,False,41,-0.41736584057837933,0.013818062304687385,Original
Tmax daily,annual,Annual,no trend,0.011464132829064912,0.051089163163599904,True,42,0.05303871325955194,0.007245274712218303,Original
Tmin monthly,seasonal,DJF,increasing,0.02310555595270103,0.004836578272780834,True,42,0.003621624034316426,0.010755569668447828,Original
Tmin monthly,seasonal,MAM,no trend,0.009638210143608304,0.24182473164655205,False,42,0.031948790159293514,0.053469036948539134,Original
Tmin monthly,seasonal,JJA,no trend,-0.006180345096546587,0.41225516799167616,False,41,0.032350340386327524,0.4282071867759913,Original
Tmin monthly,seasonal,SON,no trend,0.0032380780538979947,0.7276974359007813,False,41,-0.2200739604562005,0.1503628351238825,Original
Tmin monthly,annual,Annual,no trend,0.007290312935504156,0.051089163163599904,True,42,0.025381726962096823,0.06789114443507399,Original
Tmin daily,seasonal,DJF,increasing,0.023062535457228982,0.005173196502911148,True,42,0.0008916382711919078,0.010714168245849436,Original
Tmin daily,seasonal,MAM,no trend,0.00915626226449278,0.2506536089538407,False,42,0.033140490934023915,0.05339959790304485,Original
Tmin daily,seasonal,JJA,no trend,-0.006318046009529425,0.37490496599151024,False,41,0.03447837576239766,0.42517256484799393,Original
Tmin daily,seasonal,SON,no trend,0.0028103295197802304,0.761689952058004,False,41,-0.21941103285075697,0.14972509013162488,Original
Tmin daily,annual,Annual,increasing,0.007302926555991875,0.04856340764759537,True,42,0.023003188670681747,0.06991439104067239,Original
Streamflow monthly,seasonal,DJF,no trend,0.02020848223660233,0.5145461459016365,False,41,0.4395784559865861,0.08484630134681433,Hamed-Rao (pre-whitened)
Streamflow monthly,seasonal,MAM,no trend,-0.09828549343010398,0.5415086191145662,False,41,0.41620288125639826,0.4996207271456771,Hamed-Rao (pre-whitened)
Streamflow monthly,seasonal,JJA,no trend,0.056501797849111815,,False,41,0.13376650189603645,0.2226547233133643,Hamed-Rao (pre-whitened)
Streamflow monthly,seasonal,SON,no trend,0.0480624999999999,0.7348263750767032,False,39,-0.4463547943154683,0.33334684684962473,Original
Streamflow monthly,annual,Annual,no trend,-0.020901401964705003,,False,41,0.24531044099266383,0.1337807102671213,Hamed-Rao (pre-whitened)
Streamflow daily,seasonal,DJF,no trend,-0.007520985076714112,0.748816374270342,False,75,0.40001262465554155,0.13526644484471867,Hamed-Rao (pre-whitened)
Streamflow daily,seasonal,MAM,no trend,0.0083336281343247,,False,74,0.2852482986344678,0.6089258853321624,Hamed-Rao (pre-whitened)
Streamflow daily,seasonal,JJA,no trend,-0.01313902278211529,,False,75,0.10972645312420504,0.2245940460301151,Hamed-Rao (pre-whitened)
Streamflow daily,seasonal,SON,no trend,-0.06683003008895871,0.08910192157551178,True,73,-0.27083429612519605,0.2988633935180756,Original
Streamflow daily,annual,Annual,no trend,-0.002569282941110703,0.8503238206587205,False,75,0.1560944290242641,0.15044130994350233,Hamed-Rao (pre-whitened)
