DEM,reference,method,stable_pixels,median_dh_m,NMAD_m
IGM_1954,SRTM_2000,demcoreg_nuth,189192,5.959,25.716
CerroBlanco_2024,SRTM_2000,demcoreg_nuth,1225,-2.191,11.862
LasTermas_2024,SRTM_2000,demcoreg_nuth,12311,0.002,4.804
Pleiades_2025,SRTM_2000,demcoreg_nuth,251078,5.116,17.317
ASTER_20040326,SRTM_2000,demcoreg_nuth,3061173,-0.191,4.191
ASTER_20070224,SRTM_2000,demcoreg_nuth,3193707,-0.191,6.534
ASTER_20080330,SRTM_2000,demcoreg_nuth,5496120,-0.104,6.574
ASTER_20180301,SRTM_2000,demcoreg_nuth,7048858,-0.059,5.716
SRTM_2000,SRTM_2000,demcoreg_nuth,11053716,0.0,0.0
